{
  "sbm_version": "2.0",
  "op": "xorshift_parity",
  "N": 3000000,
  "H": 19,
  "bands": {
    "t1": 3,
    "t2": 11,
    "t3": 31,
    "t4": 101
  },
  "profile": {
    "alpha_N": 524288,
    "E_N": 0.174762666667,
    "Hs_N": 13.169798337986,
    "C_N": 0.883042098648,
    "emergence_count": 524288,
    "last_emergence_n": 1507327,
    "mean_gap": 2.874999761581,
    "var_gap": 708612.9881839228
  }
}
